<?xml version="1.0" encoding="UTF-8"?>
<project-private xmlns="http://www.netbeans.org/ns/project-private/1">
    <editor-bookmarks xmlns="http://www.netbeans.org/ns/editor-bookmarks/2" lastBookmarkId="0"/>
    <open-files xmlns="http://www.netbeans.org/ns/projectui-open-files/2">
        <group>
            <file>file:/D:/Mis%20clases%20de%20programacion/Mis%20clases%20de%20Java/ciclo-3/Semana-3/Aplicacion3/src/Vistas/indexCamion.java</file>
            <file>file:/D:/Mis%20clases%20de%20programacion/Mis%20clases%20de%20Java/ciclo-3/Semana-3/Aplicacion3/src/Modelos/Camion.java</file>
            <file>file:/D:/Mis%20clases%20de%20programacion/Mis%20clases%20de%20Java/ciclo-3/Semana-3/Aplicacion3/src/Modelos/vehiculo.java</file>
            <file>file:/D:/Mis%20clases%20de%20programacion/Mis%20clases%20de%20Java/ciclo-3/Semana-3/Aplicacion3/src/Vistas/indexAuto.java</file>
            <file>file:/D:/Mis%20clases%20de%20programacion/Mis%20clases%20de%20Java/ciclo-3/Semana-3/Aplicacion3/src/Modelos/Auto.java</file>
        </group>
    </open-files>
</project-private>
